1380,34.9897467690286,128.82890339481102
1385,35.0006471157,128.8295937487
1387,35.0056381443,128.8251995524
1388,35.0117208424,128.8276908389
1370,35.012289518339,128.825972095374
1442,35.0127458275,128.8331570019
1366,35.0143,128.8268
1369,35.0165,128.8259
1412,35.022702137712514,128.81815077317844
1391,35.0236,128.8067
1367,35.0303,128.8111
1371,35.0305597193427,128.832923726846
1384,35.0317518247,128.8216713782
1433,35.0375815671,128.8128719869
1368,35.03987343745961,128.82839001873035
1206,35.0405,128.9701
1402,35.045102651,128.8072219779
1227,35.0460813236,128.9666251049
1228,35.0460822222,128.9666308248
1208,35.046247,128.963151
1201,35.046355897467016,128.9680205530435
1231,35.0463798103,128.9680077464
1217,35.0463945293,128.9680471374
1229,35.046996,128.966195
1260,35.047365,128.968831
1244,35.0485885803432,128.965360439629
199,35.0490923097,129.0148985467
350,35.0523536391521,129.092335072703
1199,35.0527511427,128.9607806467
1212,35.0536,128.9839
2312,35.0551366867214,129.011230088261
1258,35.0551547329,128.9719937791
363,35.0560095813,129.0897751849
2353,35.0562321917504,129.08131401185
1230,35.057183,128.972914
1242,35.0572853070202,128.970744846532
2285,35.0588379339015,129.010176236323
194,35.0589,129.0158
218,35.0593985218362,129.011278537289
1198,35.0594146049,128.9800064501
353,35.05969491904282,129.07980569117214
337,35.06,129.0775
2278,35.0608212944195,129.078530843841
344,35.06083536151677,129.07854368510672
1226,35.06128744153255,128.96111191808302
191,35.0613530661,129.0204027392
198,35.0619178693452,129.021988581433
404,35.0623550496724,129.082091305747
2245,35.0629770869282,129.076878886866
2354,35.063062421817,129.08135152224
231,35.0631547097,129.0194644343
2319,35.063544823104486,129.02071003388798
361,35.0645889744,129.0787786847
399,35.06459072582434,129.08117837482095
200,35.0659655069,129.019511576
375,35.06700303779476,129.06604279251692
342,35.067993,129.064176
1364,35.068889,128.852029
389,35.0690255068586,129.081396200554
411,35.069213447,129.0782008306
365,35.0692381886,129.0643270354
382,35.0692440569,129.0813283358
2286,35.0693270002366,129.066410584658
388,35.0704033005709,129.079316771368
228,35.0705001223546,129.018185921466
355,35.070554,129.081445
339,35.0706226,129.0580351
408,35.0710436259,129.0688904785
377,35.0712160269,129.079642317
222,35.071606804395394,129.01720451588457
235,35.0716453854,129.0172310642
406,35.071657234,129.0573775733
345,35.0719,129.0547
210,35.0727182661,129.0174476417
203,35.0739256715,129.016458847
2309,35.07517040858956,129.02301262982158
356,35.0752653795657,129.066858950494
369,35.0752653796,129.0668589505
376,35.0755014082,129.0660433825
340,35.075519,129.047956
221,35.07637993617854,129.0164722881338
347,35.07638429108179,129.04763906754965
400,35.0764065185846,129.072196671876
190,35.0766411637,129.023396378
211,35.0768587065,129.0180752934
2270,35.07689436345927,129.08728038710026
226,35.0769633632404,129.024215737187
378,35.0771644165947,129.081954798294
379,35.0771653250363,129.081957168573
354,35.07716670828908,129.08195628761837
407,35.0772952921,129.0465200301
224,35.07769302171114,129.01926114459187
368,35.0779590845,129.0453201165
352,35.0783,129.0453
212,35.0784043189576,129.02419847956068
223,35.0784043189576,129.02419847956068
372,35.0785003395095,129.080291027424
202,35.0789056952,129.0178502571
1202,35.0792685405299,128.95186067301356
1200,35.0793068504,128.9516015875
2326,35.07932433201868,129.04607845575737
1254,35.0803313555203,128.970817405934
2317,35.0807393317781,129.045588685201
357,35.080760367516184,129.0791693630236
1426,35.0808278824,128.8762264158
1210,35.080926,128.957464
1414,35.0809657834542,128.880790107108
1256,35.0809712112,128.9677684454
359,35.0812475294,129.0411870536
1421,35.0817943628,128.8719628713
1377,35.0821708614068,128.8708641169917
351,35.0822,129.0553
1239,35.0824368241207,128.978252041112
341,35.08247958477894,129.05050238462923
1236,35.0830565225471,128.977708214426
1398,35.083773164028,128.903941794891
413,35.0843256105,129.0763172491
1234,35.0847834645652,128.972309975324
405,35.0848414795,129.0361429493
213,35.0849763476247,129.026265325307
1428,35.0850996898,128.8796759994
370,35.0852925895,129.0583274222
397,35.08529258954757,129.05832742221446
412,35.0856219234,129.034856929
409,35.086039094,129.0647515407
373,35.086329908245,129.076763361805
393,35.0868489838,129.0602732167
371,35.08693373984686,129.07656229149976
1375,35.0869933306182,128.906629198788
394,35.0877096352,129.0730547226
208,35.088059,129.016095
1357,35.0881059141,128.8432156387
348,35.088351580481,129.060042641103
217,35.0887481051183,129.025140326096
385,35.0888817417,129.0422498395
410,35.0890581423,129.0615711795
358,35.0891108108,129.0559688873
402,35.09008799118204,129.05805718105773
2351,35.0900939728712,129.056001278971
1249,35.0903763248997,128.964123955208
196,35.0907588894739,129.020301832573
790,35.0911636101177,129.126886338426
2325,35.0912398946385,129.067888802333
2346,35.0912475445551,129.018676843645
386,35.0914996323829,129.04239246094
346,35.09186201794041,129.03721411073323
1259,35.0919423443,128.9753647093
791,35.0920024009764,129.126919645422
1407,35.0920982135,128.9027599751
338,35.0923294203,129.0452680638
367,35.0923794753,129.033490197
343,35.0926530954171,129.051455492089
392,35.0927462941,129.0439559432
364,35.0928101531,129.0427254928
2320,35.09284352573883,129.03275575186422
374,35.09287694724983,129.04297740548037
2347,35.0930113817975,129.052036917344
2284,35.0930177834718,129.051083728049
1397,35.0931119772294,128.918143592831
1399,35.0931119772294,128.918143592831
384,35.0931822552,129.0384647425
360,35.0932043968,129.0342206663
220,35.0932847737,129.0250186863
1214,35.0934316812,129.0087950933
2344,35.093573519493,129.017327115156
2324,35.0935828842505,129.038527158596
204,35.093648481,129.0173415667
390,35.0936655390956,129.043353357879
403,35.0936672539924,129.040330441764
380,35.0939426741,129.0373709415
398,35.09395488189847,129.05616685068523
2330,35.094025368019814,129.0563445058958
1269,35.0941421514,128.9782671739
1363,35.094240512051556,128.90543623892688
381,35.0944992426888,129.039129890579
387,35.0944992426888,129.039129890579
383,35.0945070713,129.0365232086
362,35.0945765502,129.0388146742
1434,35.0953933502,128.8997906361
349,35.0956,129.0365
1262,35.095694521066,128.962482014543
396,35.0957525907141,129.067550597483
1417,35.0958548619,128.9244745864
2345,35.0960882133591,129.0174110071
2332,35.0962209413009,129.035773792455
1224,35.0962593359206,129.009426440728
395,35.09637903707987,129.04470405374198
401,35.0964419864266,129.043488404267
391,35.0966433823,129.060371077
157,35.0966511661,129.0306042201
18,35.0966650543,129.0306014426
1268,35.0966720498,128.9578911
216,35.0966980287139,129.02551638189
1396,35.0967044145,128.9052901222
1383,35.0967250919,128.8209252451
14,35.0967261783,129.0317124553
151,35.096851116,129.0290793478
219,35.0969061398792,129.024387318787
1257,35.0969979358,129.0081228329
2281,35.097002085808725,129.02706875483264
1223,35.097026,129.010868
1232,35.097084068,129.0097699096
184,35.0971289007,129.0311458269
175,35.0971500104967,129.031372846893
174,35.0971694691205,129.032256097391
179,35.097199957184,129.028828638135
150,35.097345605,129.034523305
16,35.0973677005,129.0277461155
1213,35.0974606978369,129.010596996534
1247,35.0975941352998,129.010574678678
1400,35.0976062262612,128.92114908726
366,35.0977293865,129.0611626448
42,35.0978526787158,129.029931295153
1365,35.097899751804434,128.91838767465714
2350,35.0979130114276,129.026868390951
1436,35.0979213018,128.9247467287
85,35.0979729644325,129.030145907064
54,35.0979848964696,129.036632251021
55,35.0979848964696,129.036632251021
56,35.0979848964696,129.036632251021
58,35.0979848964696,129.036632251021
59,35.0979848964696,129.036632251021
60,35.0979848964696,129.036632251021
61,35.0979848964696,129.036632251021
62,35.0979848964696,129.036632251021
64,35.0979848964696,129.036632251021
65,35.0979848964696,129.036632251021
71,35.0979848964696,129.036632251021
104,35.0979848964696,129.036632251021
108,35.0979848964696,129.036632251021
109,35.0979848964696,129.036632251021
110,35.0979848964696,129.036632251021
111,35.0979848964696,129.036632251021
112,35.0979848964696,129.036632251021
113,35.0979848964696,129.036632251021
114,35.0979848964696,129.036632251021
115,35.0979848964696,129.036632251021
116,35.0979848964696,129.036632251021
117,35.0979848964696,129.036632251021
118,35.0979848964696,129.036632251021
120,35.0979848964696,129.036632251021
123,35.0979848964696,129.036632251021
124,35.0979848964696,129.036632251021
125,35.0979848964696,129.036632251021
3,35.0980089584166,129.032004281096
153,35.0980149031,129.0306458464
100,35.0980497903564,129.028544718931
141,35.0981200472708,129.032371298307
142,35.0981259183863,129.02784593652
127,35.0981580121966,129.032133311785
128,35.0982573777248,129.034987249807
164,35.0982610140296,129.032614367211
22,35.098267081308684,129.03230804960634
81,35.0983086022611,129.033895193684
145,35.098322182799,129.033601447191
136,35.098391287837,129.034547369149
87,35.0984119469673,129.033155204102
46,35.0984231743,129.0297348037
67,35.0984642149107,129.030924661683
129,35.0984744992959,129.030240912333
90,35.0984819395891,129.032952771937
91,35.0985177473988,129.03287032624
89,35.0985545563329,129.028215224347
29,35.0985979131,129.0327114585
80,35.0986189312814,129.028757181872
68,35.0986299907193,129.032631112942
17,35.0986398717,129.0327400915
32,35.0986398717,129.0327400915
47,35.0986453934,129.030929138
88,35.0986677566838,129.033361342498
79,35.0986865812267,129.033700304162
73,35.0986928138809,129.033307358464
135,35.0986990738139,129.033578791726
137,35.0987182240596,129.034585539233
177,35.098763642293164,129.0304202830702
72,35.0987662052892,129.032225275436
1248,35.0987852084344,129.009662787626
107,35.0987918457078,129.033071435673
144,35.0988331786571,129.032181322979
106,35.0988513560397,129.032102276736
159,35.0988553669923,129.031458902914
119,35.0988566447168,129.032952976395
69,35.0988674560478,129.032028880781
86,35.0988833248208,129.035256105728
105,35.0989053828039,129.031932890056
1261,35.0989243904725,129.009308187387
134,35.0989267914246,129.032838048934
163,35.0989470150545,129.03103949502
51,35.0989734069348,129.032755980775
53,35.0989802164928,129.027448338094
181,35.0989841994,129.0284682315
133,35.0990363839604,129.031590628402
52,35.0990506656134,129.032378174482
63,35.0990908175888,129.031370043574
35,35.0991163330558,129.025326133838
143,35.0991205301654,129.031140401838
132,35.09913105351,129.030797451807
96,35.099143137198,129.030033147137
97,35.0991471592249,129.03027722294
103,35.0991563054688,129.030118563786
2322,35.09916210802681,129.02718770394407
139,35.0991670204004,129.029473416685
5,35.0991746800796,129.026428807255
95,35.0992118278303,129.029370028952
131,35.0993084149014,129.027438154776
98,35.0993778785305,129.030485911988
84,35.0993894408545,129.031118893552
94,35.0994151586553,129.029363117617
78,35.0994374510676,129.029118925729
138,35.0994499453605,129.029992618255
93,35.0994769884512,129.028808163354
92,35.0994831999837,129.028577059871
121,35.099509113466,129.031463211549
2290,35.09950947224072,129.03614066986498
173,35.099538542308,129.027295383129
165,35.0995698871859,129.027414147339
1240,35.0995766787608,128.993705061139
166,35.0995885243096,129.026645442313
126,35.0996050215827,129.030472357014
57,35.099635839142,129.028610558439
149,35.0996507962,129.0286987483
147,35.0996591215,129.0283348915
162,35.09967239631295,129.02986298558622
101,35.0997180267423,129.028039768106
146,35.0997274516387,129.029584053541
1263,35.09973,128.991064
82,35.0997551818035,129.031078624755
152,35.0997620313,129.0361453203
193,35.0998088253,129.0124202609
21,35.09985500360154,129.02737439644028
180,35.0999829673913,129.029061872924
168,35.1001219484849,129.034883548844
234,35.1001616416,129.0173663871
170,35.1002107320397,129.029795131643
148,35.100281283,129.0287931674
40,35.1002922980013,129.034628939712
1264,35.1003836071,129.0047758093
188,35.1004034583,129.0270044311
1270,35.1004109631,128.9820222326
4,35.1004440914145,129.032664302294
66,35.1004723724973,129.036559265636
31,35.10051001818189,129.03097709836575
39,35.1005108115082,129.035950105395
20,35.100515,129.030797
11,35.1005396593,129.0327483723
793,35.1006,129.1244
9,35.1006395595,129.0279265666
1237,35.1007406684626,128.980319389615
1251,35.1007503598423,128.994418224305
158,35.1007609882,129.0301203552
30,35.100929432638,129.032442805252
38,35.1009551670942,129.033989164733
232,35.1009644253,129.0225825782
2276,35.1010511492018,129.03513510735
15,35.1010840062,129.0307152012
161,35.10111766810905,129.03588642585257
75,35.1011203747498,129.028307309972
12,35.1011311741,129.0280793175
41,35.1011523732593,129.034372456907
77,35.1011540109639,129.032334998525
1,35.101157344,129.0323310732
33,35.1011951345,129.0323594995
172,35.1012021857204,129.024628919021
45,35.1012588776,129.0248379298
1427,35.1013709857,128.9286018554
1431,35.1013709857,128.9286018554
155,35.1014505558,129.0265905492
169,35.1014966888252,129.029634000049
2269,35.10150504755893,129.06053808453066
140,35.1015216609245,129.028295235222
807,35.10152808078949,129.12301710382349
2251,35.1015390291773,129.028072275414
70,35.1015401651756,129.030689887358
48,35.1015591974,129.026020573
182,35.1015921962,129.0260517037
782,35.1016095322,129.1230697377
156,35.1016422372,129.0285792599
49,35.1016557139,129.0286979005
167,35.1017495533909,129.035883410739
8,35.1017589855,129.0336899238
74,35.101801143994,129.030603922325
178,35.1018411976698,129.035261243959
1265,35.1018550433,128.9709870422
34,35.1018633453,129.031400492
2308,35.1019220121032,129.025971984164
19,35.1019383952,129.0345501964
1390,35.102094818,128.9039878915
1374,35.1021,128.9272
183,35.1021394414,129.0306068486
2247,35.102191251704056,129.031529449176
2301,35.1022038034641,129.037379259029
187,35.1022423326,129.0374090315
160,35.1023076429843,129.026334285148
99,35.1023114182246,129.028595065507
83,35.1023803655514,129.028303881711
154,35.1024004807,129.028312596
789,35.10247535972112,129.11156975182783
1435,35.1025013632,128.9257409618
2362,35.10256373490232,129.0341978688771
130,35.1025964111665,129.037247245768
1246,35.1027202844809,128.976953297502
26,35.1027616225,129.032190027
1266,35.1027993255,128.9678872863
2296,35.10287805136935,129.0414978703774
1252,35.1028938431306,128.974764978934
1222,35.1029056066,128.9914179852
122,35.1029862427305,129.034549951823
2,35.1031742254,129.0272841727
2343,35.1031848125301,129.027196317212
23,35.10324001601273,129.0268826330457
792,35.1032784113749,129.103349305761
1392,35.10351293895454,128.90439737068735
1267,35.1036769053,128.9624793993
189,35.1037002144,129.0217353553
206,35.1037500037,129.0175964444
1422,35.1038096127,128.9291850713
1255,35.10391955683968,128.9698092507079
1253,35.1039492285766,128.973265183202
7,35.104,129.0347
171,35.1040409273205,129.034644574014
25,35.1041741398277,129.029006206858
1235,35.104321089179,128.970177995857
1207,35.1043892335363,128.945866728608
1209,35.10449270271807,128.94597747957368
1216,35.104551505,128.9460085869
1413,35.1045577312644,128.930254831352
176,35.1048214116512,129.035750005009
207,35.1048849763,129.0187626974
24,35.1049935905065,129.034511226799
102,35.1052849435479,129.035924444595
185,35.1053166975,129.0215936568
1378,35.105611514459255,128.87910610449947
233,35.1058055113,129.0204854066
1409,35.1058887863,128.9312930464
2341,35.106111028005785,129.03734668670725
2297,35.10611518596181,129.06536956623654
1439,35.1062842348,128.9236910382
76,35.1064729443106,129.035818127988
1205,35.1065,128.9575
1245,35.1065663606129,128.966629161401
2363,35.1067051216312,129.034871707071
1233,35.106754958865,128.966474900321
1238,35.106754958865,128.966474900321
1243,35.106754958865,128.966474900321
1250,35.106754958865,128.966474900321
13,35.1070333171,129.0294707029
2333,35.1072231791821,128.942618174943
2263,35.1073849703131,129.037472712577
44,35.1076056112,129.0368450457
214,35.1080051969,129.0167912233
186,35.1081305635,129.037453312
1220,35.1082872241,128.9474416939
28,35.1086225,129.040964
227,35.1087789800952,129.019706946361
43,35.108816558,129.03530348
1219,35.1088376838,128.9758364301
36,35.1090237108161,129.036602587272
1211,35.1091945456955,128.96320109117
37,35.1092097880604,129.035960975255
1225,35.1093302595485,128.942691888704
10,35.1093802515,129.0281096457
1204,35.109499,128.944937
2342,35.109501704896,129.038069359697
1197,35.1096270514,128.9394586896
794,35.1096686789499,129.068721798909
230,35.1097049981,129.016318996
27,35.10999405,129.0269458417
1221,35.110033244,128.9449571095
1196,35.110210832,128.9491801483
215,35.1103292999838,129.019701745665
840,35.1112815729,129.1112856947
1441,35.1113663626,128.888963368
50,35.111586255770966,129.03736248154303
1215,35.1118315978,128.9651983858
1415,35.1118370944181,128.877853423228
283,35.111846856,129.0397363452
1425,35.1120076519,128.8722536946
279,35.11212433006752,129.04010312608173
201,35.1121438284,129.027954028
1203,35.112797795145575,128.94817355829102
1241,35.1128384439901,128.96373343687
1401,35.1129197501,128.9317096042
229,35.1131685724,129.0203018886
278,35.1133593856411,129.04056598703
253,35.11339094915113,129.0385345717149
322,35.1134093309433,129.037949562809
236,35.1135579305,129.0406652085
324,35.1135771812,129.0377225842
288,35.1137465906,129.036839323
305,35.1137617466562,129.038089602276
277,35.1137704500862,129.040657633797
275,35.1141320276983,129.040767366836
287,35.1141493149,129.036433792
274,35.1142426105222,129.040324318478
197,35.1142867370919,129.023561990559
321,35.1142897670249,129.03709961769
273,35.1144041132,129.0464193172
245,35.114419907321064,129.04662207968232
195,35.114443741372696,129.02473782396245
6,35.114466,129.032977
330,35.1148492791,129.0387363501
830,35.1150133184285,129.112784213011
310,35.1151169220309,129.039214831857
2272,35.11515916248,129.033569892873
2292,35.11520340622514,129.04154985192403
259,35.1152715223,129.0424332391
783,35.115449,129.123566
1438,35.115499844,128.9222825768
266,35.1157311045509,129.04527412430312
1418,35.1159575984,128.8935322897
280,35.1161757352689,129.04133805947
2335,35.1162418272775,129.0387505415213
327,35.1163102386,129.0393473684
240,35.116338835088456,129.03914176140657
2299,35.11633888809311,129.03914121001512
284,35.1165019291,129.0418304807
258,35.1167962983,129.0395112298
248,35.1169,129.0367
252,35.1170893868025,129.034380349312
239,35.1170894046269,129.03533581582
264,35.1171009722,129.0350159855
271,35.1171267121,129.0338450468
260,35.1171434347,129.0369614421
313,35.1172288487845,129.040540488294
331,35.1173462584,129.0406944453
2258,35.11752425223187,129.0413697731988
307,35.117605126596,129.045060216345
265,35.1176742075,129.0332089831
238,35.1176994980395,129.035345209069
254,35.1177378193,129.0373336157
286,35.1177518053,129.0427025928
1382,35.117757865,128.9190855715
335,35.1181073148,129.042383166
806,35.11844573141999,129.08132787185608
270,35.1185793062,129.0327117725
320,35.1186849857,129.0400611298
798,35.1189694636,129.1038166893
1440,35.1190933587,128.893543315
282,35.1192013827,129.0285565614
323,35.1193265729,129.0396278173
333,35.1195208123,129.0297258951
818,35.1197172740946,129.112295349926
336,35.1198180048,129.0298925398
241,35.12032107456868,129.04412784872156
255,35.1204207111,129.029678653
835,35.1211900947,129.0980992986
262,35.1213095185,129.0306535435
1429,35.1214875904,128.8965596542
249,35.1220958828546,129.033841502225
285,35.1226151856,129.0446439572
1635,35.1230679801,128.9622649548
326,35.123315108,129.0446772693
334,35.1234594789,129.0415747569
209,35.1239756631,129.0185100829
804,35.124284058,129.0918442401
848,35.1243106672,129.1111159093
2328,35.1244177116742,129.082126937383
312,35.1247113357501,129.04628035888
808,35.1247524714423,129.093256879368
800,35.1251964498,129.0986919647
802,35.1253214518,129.0995779953
831,35.1253456097927,129.090820034146
246,35.1255545014429,129.042636366052
786,35.125587034,129.1106285651
841,35.1256714384,129.1009667539
784,35.1257165536,129.0700317237
2275,35.1257175166516,129.042663472196
846,35.126265714,129.0954366632
205,35.1264334874,129.0058166756
837,35.1264778515291,129.070837803253
192,35.126549968,129.011729068
261,35.126761849,129.0395054026
329,35.1270313878,129.0462742511
2250,35.1270942948282,129.007741922141
795,35.1274527698591,129.072607055839
1604,35.1275983422866,128.968358334702
1628,35.1275983422866,128.968358334702
1629,35.1275983422866,128.968358334702
785,35.1277309389,129.0952827131
812,35.128507099,129.0937450823
225,35.12871845152394,129.0086329245068
1631,35.1287185796,128.9643091143
267,35.12896436753418,129.04939685387973
314,35.1292438219801,129.047684967443
809,35.1295140525542,129.094754935063
803,35.1297375886,129.0976280442
1617,35.1303996270767,128.971796928938
844,35.1304208304,129.0968253177
276,35.1305829766134,129.050188153756
847,35.1306125441,129.1005555434
1403,35.1306943962,128.9419080403
805,35.130752638507296,129.10248926347975
836,35.13082107542485,129.11807472237862
1218,35.1310381466,128.9851266839
827,35.1310668801295,129.118354433768
2331,35.1312125493206,129.117625238529
2273,35.131714112102,129.056393571749
843,35.1318094808,129.092334003
787,35.13191,129.121151
799,35.1322571676,129.1201732372
811,35.1327486901,129.1153458655
1649,35.1328603979,128.9977755336
250,35.1330762737697,129.049195279133
1389,35.1331966817,128.8822655527
1443,35.1337646256,128.9310646493
834,35.1342110824,129.1125583077
820,35.1342294576999,129.111216765972
845,35.1342484706,129.1125849531
1644,35.1345574344,128.9980004677
237,35.1349,129.0529
815,35.1350917064899,129.086295720209
319,35.1351167823,129.0564925856
817,35.1351201555277,129.088593106869
823,35.1353673039846,129.092010852552
819,35.1353806023645,129.091329411342
2265,35.1356170076141,129.074683126517
251,35.135679,129.060523
269,35.135719916282724,129.06209586463672
825,35.1357593423825,129.100528321275
850,35.1358252547,129.0683387579
247,35.135868230927,129.061096784383
832,35.1361071739132,129.096784087235
318,35.1361805951,129.0587979118
821,35.1361836568202,129.100463092582
1373,35.136371136052,128.922029182869
842,35.1363897422,129.1041384067
849,35.1364061736,129.0915367246
824,35.1364718902062,129.098812483499
816,35.1366795471993,129.099226780319
315,35.136698877897,129.064226616348
829,35.1367637846095,129.100018242531
788,35.136887075259736,129.10299571620442
828,35.1369526086598,129.100453012842
826,35.1369795296869,129.100620669986
822,35.1372478354702,129.071292151574
242,35.137907708742524,129.05165797671592
243,35.138054703395184,129.05242551737072
838,35.13806078044969,129.10227486205213
272,35.138088597,129.0524428566
328,35.1383498379,129.0610587668
833,35.1385381768,129.1047093129
810,35.1386,129.0993
268,35.1387624107975,129.065168546966
332,35.1387665027,129.0634807673
316,35.1392248304239,129.059695512756
1547,35.1392728438,129.1090851202
311,35.1397002846361,129.062047301267
1637,35.1397412458,128.9791265417
2295,35.1398659972405,129.078651080715
2300,35.14020600272599,129.10926171957024
2323,35.1403230174367,129.109786937943
257,35.1403327856,129.0521955945
281,35.1405246178,129.062319709
814,35.140541448,129.0712911502
244,35.14059298912447,129.05263133974444
1569,35.1407282287,129.1086712269
1536,35.1407754701175,129.106966332219
325,35.1408051364,129.0620308373
256,35.1408826262,129.0468821528
317,35.1410439821,129.0611336867
289,35.1412817256576,129.058614831268
290,35.1412817256576,129.058614831268
291,35.1412817256576,129.058614831268
292,35.1412817256576,129.058614831268
293,35.1412817256576,129.058614831268
294,35.1412817256576,129.058614831268
295,35.1412817256576,129.058614831268
296,35.1412817256576,129.058614831268
297,35.1412817256576,129.058614831268
298,35.1412817256576,129.058614831268
299,35.1412817256576,129.058614831268
300,35.1412817256576,129.058614831268
301,35.1412817256576,129.058614831268
302,35.1412817256576,129.058614831268
303,35.1412817256576,129.058614831268
304,35.1412817256576,129.058614831268
306,35.1412817256576,129.058614831268
308,35.1412817256576,129.058614831268
309,35.1412817256576,129.058614831268
263,35.1413411243,129.0586005649
2283,35.14163436821441,129.0542558853328
474,35.1417008697484,129.060671662492
1486,35.1417544,129.1096096
522,35.1417848513061,129.059770120583
550,35.1417906942305,129.059919361999
425,35.1418120027646,129.062543707148
551,35.1419203953204,129.05894271105
625,35.1419385147428,129.059774541851
691,35.1420660746,129.0602976198
2282,35.1420684142744,129.057194933597
521,35.1420966993581,129.059905242606
523,35.1420966993581,129.059905242606
683,35.1421091451066,129.060141145077
2280,35.1426652675098,129.064857832743
570,35.1428153062307,129.060190279716
1495,35.1429140892,129.1083545281
2315,35.1430248433111,129.065121445563
2304,35.14317588968842,129.116048192479
2274,35.1432223272878,129.064955287431
666,35.1434103837,129.0611197346
692,35.1440852924,129.0602642345
441,35.14421281108753,129.05121061194302
422,35.1442420605489,129.051214140349
680,35.1444110612426,129.028516251687
2256,35.1446607237649,129.107638866676
1585,35.1446611618,129.1108264879
678,35.1447671591569,129.059799436643
1552,35.14492842725614,129.11075087645875
1499,35.1449947568,129.1270084045
1420,35.1454874813,128.8857738308
649,35.1455564781061,129.058991862173
797,35.1456799238,129.0800957995
697,35.1457178671,129.0290835698
1503,35.146176395179296,129.10775028461043
1501,35.1461935934,129.1077006751
1493,35.1462388759,129.1169286916
420,35.146244,129.016413
1423,35.146481742,128.8818019274
1592,35.1465812446,129.0045567265
1613,35.1467855066583,129.009399254637
1580,35.1468804084,129.11359563
2291,35.147027463246204,129.10731042510383
1570,35.1473775262,129.1109430695
1643,35.1473946491,128.9851956764
677,35.14742612909359,129.02949413261697
1411,35.14761900725803,128.8891862462835
1596,35.1476309123,128.994858718
1562,35.147723369945,129.113416580029
1531,35.147801666292,129.110073173579
1430,35.148024519,128.9517374613
1533,35.1481877678794,129.112748148706
813,35.148282391664765,129.06547253029143
427,35.1483050312523,129.027660668177
1636,35.1484098358,128.9880532476
1537,35.148493760019,129.114428688464
460,35.1485125805,129.0606113054
455,35.148572273,129.060135411
1516,35.1486677241023,129.11453033892
1526,35.1488052015,129.1140538711
467,35.1488570979,129.0666302168
1623,35.1493491310075,129.012608959211
1640,35.1494933030752,129.002085242388
1372,35.1498,128.9558
1578,35.15014673,129.1146787801
2289,35.1504568748542,129.11529316982205
2356,35.15045879516558,129.11580231598072
1502,35.1504646660951,129.115012161536
1512,35.1504883662,129.1151037338
839,35.1504934531,129.0897781585
1639,35.1507375399954,128.998813290917
1625,35.1508250542461,129.010368913256
1530,35.1508750262,129.1139399616
659,35.1511713066717,129.024780301888
638,35.1519822072885,129.0595970727
1553,35.152,129.1165
701,35.1521316444,129.0619694214
1587,35.1521591854,128.9768458561
917,35.1523540904,129.1512823679
433,35.1523762699,129.0732462115
1626,35.1525786229005,128.989753113985
702,35.15258647,129.0251059496
2279,35.1526410039504,129.128988146042
592,35.1527882355747,129.025196780398
610,35.1528563626356,129.067386438525
475,35.15300621921821,129.05960635251864
477,35.153006221653,129.059606320437
555,35.153006221653,129.059606320437
556,35.153006221653,129.059606320437
580,35.153006221653,129.059606320437
593,35.153006221653,129.059606320437
613,35.153006221653,129.059606320437
656,35.153006221653,129.059606320437
695,35.1530453881,129.0596334885
1482,35.1531932737,129.1189760936
1549,35.1532353176,129.1246561985
1488,35.1532751974826,129.116563768469
1514,35.1534255619485,129.117974330321
430,35.1535355425109,129.05825767078
1563,35.153567334459,129.124512606038
679,35.1535856200546,129.06272114219
2337,35.1535905694869,129.071914470699
434,35.1536149962,129.071940736
900,35.1536609221,129.1523226328
1507,35.1537727886,129.1185199367
1508,35.1537727886,129.1185199367
1509,35.1537727886,129.1185199367
1510,35.1537727886,129.1185199367
1632,35.1537799975,128.9826012838
1511,35.1538130576,129.1185477876
684,35.1538995096897,129.064737612183
563,35.1539324031782,129.059587097659
651,35.1539324031782,129.059587097659
878,35.153951141,129.152151687
476,35.1539853731764,129.058809055467
1524,35.1540103687,129.1245417048
1518,35.1540699445454,129.118721465024
471,35.1541638979,129.0587133754
480,35.1542036149893,129.061284364964
1542,35.154212836999925,129.12787012002102
617,35.1542165338519,129.060122589084
1484,35.1542200827,129.1270373527
621,35.1542264443589,129.058257067247
581,35.1542651405213,129.035572671901
602,35.1542714950768,129.057302821914
685,35.1542745099448,129.067112380416
416,35.154277104,129.0573021838
591,35.1543159103269,129.060944854812
1381,35.154317052,128.8860013488
648,35.1543187834549,129.062115479273
644,35.1543260286726,129.059608433178
630,35.1543273978132,129.059421934192
658,35.1543321420614,129.064711263602
1159,35.1543607218,129.1457342977
1137,35.1543912594,129.1449565859
967,35.1544481718507,129.145071777153
1489,35.1545,129.133
1128,35.154532464031,129.14454331149
642,35.1545603187611,129.057499043798
535,35.1545746624681,129.058564076038
654,35.154595457439,129.060028124873
549,35.1546146320587,129.064448368204
557,35.154639636578,129.061583836663
456,35.1546437262667,129.057235513141
1386,35.1546447184,128.8819239173
599,35.1546573481279,129.062597164114
479,35.1546673267116,129.05513483679
664,35.1546770999062,129.059601958273
1535,35.154681253347,129.119707382831
463,35.1546812913,129.0582835611
628,35.1547105206411,129.061400737143
643,35.1547147177034,129.061244154227
589,35.1547226915831,129.060918578681
618,35.1547226915831,129.060918578681
519,35.1547841717047,129.058888110326
608,35.1547847470099,129.060041347261
1078,35.154787253959,129.146692803602
449,35.154825,129.0663543
1525,35.1548434836,129.1177811592
1559,35.154868,129.131789
1523,35.1548712584,129.1177867137
626,35.1548877729689,129.032470295858
1544,35.1549337695447,129.120737919797
902,35.1549495207,129.1444371716
603,35.1549519363845,129.058036362593
624,35.1550564415468,129.062842384902
1532,35.1550614995453,129.112251654314
561,35.1550921423824,129.0597335255
1528,35.155099129,129.1241833736
607,35.1551148812712,129.060351640367
540,35.1551376872876,129.061246268333
641,35.1551376872876,129.061246268333
1148,35.1551411828,129.1453481989
609,35.1551542387402,129.064734346644
1496,35.1551657503,129.1221363273
553,35.1552310666232,129.05975677925
636,35.1552310666232,129.05975677925
646,35.1552366702268,129.061858298175
481,35.155237142113,129.059139828831
482,35.155237142113,129.059139828831
487,35.155237142113,129.059139828831
578,35.155237142113,129.059139828831
582,35.155237142113,129.059139828831
627,35.155237142113,129.059139828831
652,35.155237142113,129.059139828831
653,35.155237142113,129.059139828831
657,35.155237142113,129.059139828831
1534,35.1552620207039,129.120609583324
1548,35.1552775468,129.1261432386
1556,35.1552978178551,129.131528570897
637,35.1552991824838,129.06431984148
612,35.1553105896289,129.064454215898
544,35.1553195470649,129.066343827829
465,35.1553201932,129.0628664782
1554,35.15532116949477,129.12389680639114
1487,35.155361,129.123391
418,35.1554132968823,129.05756401242633
426,35.15542,129.067338
1545,35.1554211893,129.1173728455
1550,35.155426685626566,129.13094237418454
614,35.1554675375042,129.058913783101
454,35.155470189,129.0635525258
663,35.1554714502044,129.059568606035
671,35.155499,129.0583
526,35.1555396395192,129.061090722906
645,35.1555499173397,129.060370184212
2340,35.1555586266681,129.123821495086
675,35.15556704329011,129.05854086799016
577,35.1556263856993,129.059551352552
520,35.1556787355,129.061485081415
534,35.1556787355,129.061485081415
473,35.155708286296026,129.0579343124225
615,35.1557284716842,129.059409195895
601,35.1557422461036,129.055224424869
445,35.1558270129157,129.062190573974
419,35.155834,129.058433
639,35.1558483930972,129.058801036277
891,35.155883,129.182644
962,35.1559933307,129.1540427265
901,35.1560327184,129.1436566548
457,35.1561934893944,129.054324630461
442,35.156220398284376,129.05182685976084
682,35.156340777499,129.058776989076
438,35.1563611729,129.0628882818
490,35.1563882406198,129.064964475392
562,35.1563882406198,129.064964475392
1152,35.156455477,129.1751650147
466,35.1564645846,129.066938315
1571,35.1564683169,129.118606043
1558,35.1564919513261,129.122437718115
1134,35.1565540392121,129.174885607914
968,35.15657960006,129.141874959976
882,35.1565836936,129.1520693211
560,35.1565968095424,129.058010979854
640,35.1566143154511,129.059393234252
469,35.156639327,129.0540422103
552,35.1566875153396,129.054558233177
897,35.156757,129.181638
598,35.1567732935705,129.068102246085
1527,35.1567852389,129.1343130018
1581,35.1567852389,129.1343130018
478,35.156789983664,129.056416218143
484,35.156789983664,129.056416218143
485,35.156789983664,129.056416218143
486,35.156789983664,129.056416218143
488,35.156789983664,129.056416218143
489,35.156789983664,129.056416218143
491,35.156789983664,129.056416218143
493,35.156789983664,129.056416218143
494,35.156789983664,129.056416218143
495,35.156789983664,129.056416218143
496,35.156789983664,129.056416218143
497,35.156789983664,129.056416218143
498,35.156789983664,129.056416218143
499,35.156789983664,129.056416218143
500,35.156789983664,129.056416218143
501,35.156789983664,129.056416218143
502,35.156789983664,129.056416218143
503,35.156789983664,129.056416218143
504,35.156789983664,129.056416218143
505,35.156789983664,129.056416218143
506,35.156789983664,129.056416218143
507,35.156789983664,129.056416218143
508,35.156789983664,129.056416218143
509,35.156789983664,129.056416218143
510,35.156789983664,129.056416218143
511,35.156789983664,129.056416218143
512,35.156789983664,129.056416218143
513,35.156789983664,129.056416218143
515,35.156789983664,129.056416218143
516,35.156789983664,129.056416218143
517,35.156789983664,129.056416218143
518,35.156789983664,129.056416218143
524,35.156789983664,129.056416218143
525,35.156789983664,129.056416218143
527,35.156789983664,129.056416218143
528,35.156789983664,129.056416218143
529,35.156789983664,129.056416218143
530,35.156789983664,129.056416218143
531,35.156789983664,129.056416218143
532,35.156789983664,129.056416218143
533,35.156789983664,129.056416218143
537,35.156789983664,129.056416218143
538,35.156789983664,129.056416218143
542,35.156789983664,129.056416218143
545,35.156789983664,129.056416218143
546,35.156789983664,129.056416218143
547,35.156789983664,129.056416218143
548,35.156789983664,129.056416218143
559,35.156789983664,129.056416218143
568,35.156789983664,129.056416218143
571,35.156789983664,129.056416218143
572,35.156789983664,129.056416218143
575,35.156789983664,129.056416218143
576,35.156789983664,129.056416218143
579,35.156789983664,129.056416218143
583,35.156789983664,129.056416218143
584,35.156789983664,129.056416218143
585,35.156789983664,129.056416218143
586,35.156789983664,129.056416218143
587,35.156789983664,129.056416218143
588,35.156789983664,129.056416218143
1555,35.1568088064801,129.13448103158
681,35.1568240100647,129.056429972267
918,35.1568482867,129.1795546837
1513,35.1568628164,129.1239638996
689,35.156864346,129.0564308853
1176,35.1568915149,129.1738428948
596,35.1569101184306,129.057354793134
1519,35.1569128366,129.1253526663
665,35.1569351040461,129.05621332272
632,35.1569447772807,129.054522238826
1116,35.1570011849,129.1736134917
1073,35.157037795554,129.143328681551
1098,35.157037795554,129.143328681551
421,35.15704,129.07644
887,35.157116,129.154126
907,35.1571305311,129.1821532774
604,35.1571379317218,129.057540487375
600,35.1571487455403,129.061033007365
634,35.1572030744245,129.058129839487
1645,35.1572213251,128.9851204151
464,35.1572450414,129.0663189033
1151,35.1572465574,129.1483062168
440,35.1573026527,129.0257996358
1167,35.1573082804,129.1816866465
462,35.1573337296,129.0559892441
595,35.1573738643946,129.057486956945
437,35.1575588567,129.0642468527
1067,35.1575605490211,129.15049083968
635,35.157588249691,129.064545578348
1551,35.15763319656356,129.11995475654462
924,35.1576367811297,129.150171213381
894,35.1576790506242,129.182540419138
514,35.157764059003,129.059035752371
564,35.157764059003,129.059035752371
567,35.157764059003,129.059035752371
616,35.157764059003,129.059035752371
623,35.157764059003,129.059035752371
1539,35.1577669180554,129.113384011512
1171,35.157827613,129.1787924398
620,35.1579125757783,129.056441956954
1494,35.1579180661,129.1138175312
796,35.1579341561,129.0827285679
801,35.1579341561,129.0827285679
558,35.1579428010526,129.054023707878
631,35.1579550616706,129.056805686045
483,35.1579590846984,129.056653700821
566,35.1579590846984,129.056653700821
590,35.1579590846984,129.056653700821
472,35.1579590847,129.0566537008
606,35.1579755022395,129.060321527701
461,35.1580060259,129.0640801887
1583,35.1580099594,129.1266219702
690,35.1581031257,129.0580307117
1120,35.15811365687653,129.1485266137047
673,35.1581324184655,129.067912588795
1185,35.1581353515,129.1485450604
1193,35.1581804168,129.1823171232
913,35.1581969059,129.172851279
672,35.1582016469,129.0575687168
650,35.1583063619343,129.066153290038
1568,35.1583376838,129.1257164849
1115,35.1583644645,129.1497017924
1566,35.1583902331,129.1136786414
876,35.1584164367,129.1706499028
700,35.1584310105,129.0658105816
912,35.1584383046,129.1598690678
1515,35.1584470954488,129.112763565298
2359,35.15851033326649,129.1709566755704
554,35.1585570054412,129.063990026122
668,35.1585659029,129.0572281714
1168,35.1586246757,129.1750177459
415,35.1586890217,129.0642539566
1541,35.1588320250284,129.120336430566
1130,35.1588647976737,129.170588721597
1111,35.1588665343,129.1705914385
969,35.158899,129.174496
1146,35.1589051184,129.1706181201
633,35.1589078061161,129.058426604848
1561,35.1589195094267,129.125962322223
687,35.158997445,129.0566863597
1522,35.1590373868,129.1138897159
877,35.1590840227,129.1602785648
686,35.1591363085,129.0561530695
1127,35.1591592094511,129.170694259124
909,35.159196575,129.1610328343
676,35.1592154053945,129.05697707721
990,35.1592353048,129.1526891145
978,35.1592408683,129.1531418525
1521,35.1592487503,129.12883841
2348,35.1592915773208,129.191520969114
459,35.15931260763606,129.0609156429694
1529,35.1593209743,129.1279818871
688,35.1593225066,129.0619942225
1557,35.159340242714,129.12496673478205
2244,35.159354377968754,129.16099918602094
989,35.1594102909,129.1530057486
948,35.15949657841939,129.16257660164996
953,35.1595354549,129.1626049105
987,35.1595992286,129.1567804158
622,35.1596881749663,129.057299234806
629,35.1597025166584,129.05632747244
1165,35.1597103343,129.1571359371
597,35.1597270898641,129.066868695198
605,35.1597636834634,129.055744903772
2321,35.15984833063086,129.16971059118794
698,35.1599112511,129.0577306889
1114,35.1599145493,129.1560080918
963,35.1599187149,129.1579686405
986,35.1599409935,129.1641214339
669,35.1599445047,129.0562534792
674,35.159944504721835,129.05625347915583
975,35.1599464255,129.1575108976
886,35.160042,129.168483
1160,35.1600435987,129.1554444083
1181,35.160082476,129.1550666621
985,35.1601048456,129.1631548469
961,35.1601422526,129.1614006531
1186,35.1601741223,129.1545194851
1086,35.160201591128,129.166579258799
1131,35.160201591128,129.166579258799
1492,35.1602230601,129.0974161159
662,35.1602330904622,129.061105461831
1178,35.1602575377,129.1594329447
2313,35.16026170107591,129.14127264196568
893,35.1604039113018,129.192189444504
1177,35.1604296524,129.1546889075
965,35.16043044988273,129.16224178760626
1102,35.1604451759281,129.161137451035
1506,35.1604483075,129.1121398296
980,35.1604686777,129.1622688032
2327,35.1605728475895,129.060966663378
1183,35.1606275259,129.1909968571
458,35.160673314300695,129.05644524404687
1133,35.1607534802451,129.171438589838
1110,35.1608502261,129.1911848807
1009,35.160894431354,129.160822338172
1175,35.1609243536,129.1715207639
979,35.1609381479,129.1665100882
974,35.160939483655,129.16686956584
1166,35.1609798175,129.1668989422
1174,35.1610190212,129.1841196663
1184,35.1610408317,129.1620465848
960,35.1610617198,129.1683749778
929,35.1610686425,129.1639936365
1118,35.16110725313703,129.17039242630966
1125,35.16110725313703,129.17039242630966
957,35.1611282493,129.1614895062
959,35.1611438623,129.159600155
1126,35.1611481913056,129.188100915678
1140,35.1611742976,129.1700125548
1190,35.1611742976,129.1700125548
1062,35.161214866382,129.163477671789
883,35.161248012,129.191400312
2349,35.1612480539439,129.191400314285
905,35.1612857933,129.1914273569
921,35.1613327099223,129.168013841974
1079,35.1613327099223,129.168013841974
899,35.1613422355215,129.16801389247
1491,35.161379026,129.1266024351
993,35.1614458583,129.1646660509
970,35.1614727127127,129.164658645847
994,35.1614751467,129.1627129947
1169,35.1614851749,129.1592634811
888,35.161615,129.193851
1195,35.1616267696,129.1562304075
925,35.1616535971801,129.183301348645
1648,35.1617263562,128.9840592735
977,35.1617295697,129.1580746892
1188,35.1617297426,129.1674016555
1599,35.1617515557,128.9829923431
1064,35.161756049363,129.160891004603
1574,35.1617870895,129.1144673681
1154,35.1618601408,129.1596828783
468,35.1618722189,129.0618719415
1083,35.1618990966446,129.161166708969
956,35.1619101958,129.1682844777
539,35.1619151351576,129.058984909953
565,35.1619362259482,129.063167582368
1179,35.1620074073,129.1629548127
1119,35.16202889246875,129.167251541874
1149,35.1620496446,129.1940076674
1143,35.162068591,129.1672794347
647,35.1621579956415,129.061686371153
1538,35.1622061944609,129.113728563353
972,35.1622226273711,129.164814166035
696,35.1622327711,129.0337549338
983,35.1622938525,129.1827197529
1638,35.1622969434,128.9802313714
1191,35.1623021845,129.1827141976
1094,35.1623835504262,129.162973570497
996,35.1624027442061,129.161247524154
1005,35.1624027442061,129.161247524154
1112,35.1624170973,129.1644902145
2262,35.1624398226622,129.194225885324
984,35.1624489933,129.161266058
1122,35.1624563132681,129.185045608253
667,35.1624610334,129.0614025211
915,35.1625180008,129.1380958485
1142,35.1626050452,129.1890108643
536,35.1628250361107,129.062337271125
1132,35.1628252845144,129.16216717363
1080,35.1628612447531,129.160202145981
1069,35.1628751551535,129.159811309804
1071,35.1629620964909,129.159731527639
1097,35.1629633489452,129.158453369505
1003,35.1629813708204,129.159075164628
988,35.163001657,129.1584801742
889,35.16305669005003,129.16487410791876
693,35.1630776762,129.0638883992
417,35.1630791231,129.072147778
1187,35.1630962099,129.1649018354
1601,35.1631357474,128.9809757232
1618,35.1631461622437,128.98098582427
1620,35.1631461622437,128.98098582427
1622,35.1631461622437,128.98098582427
1123,35.163162332757906,129.16641788049196
1091,35.1631637907768,129.157263432598
543,35.1631926679419,129.054217197919
1616,35.1631970328154,128.980658059743
541,35.1632342927233,129.060905765166
619,35.1632342927233,129.060905765166
966,35.1632724061853,129.159614621208
922,35.16330193334533,129.14120332934948
569,35.1633069816999,129.049315888877
573,35.1633069816999,129.049315888877
611,35.1633069816999,129.049315888877
881,35.1633119624,129.1953779554
1624,35.1633668934615,128.984368960767
1117,35.1634030606309,129.16570016174
1105,35.1634129289,129.1696430809
911,35.1634406103,129.1645768542
1081,35.1634571708135,129.159272429547
1614,35.1634859678231,128.979753130214
1630,35.1634859678231,128.979753130214
1082,35.16359002882,129.160634799185
670,35.1636811397,129.0352234262
1577,35.1636843621,129.1287021896
470,35.1637516526,129.0624352942
574,35.1638104545377,129.050961104127
1634,35.1638537784,128.9776597721
1129,35.1638946239595,129.163278151468
492,35.1639044537017,129.05255094433
1449,35.1639058017,129.0876863061
661,35.1639147522892,129.041840259783
1135,35.1639361576617,129.15645656362
436,35.1640385095,129.0546280676
1584,35.1640674534,129.1179253383
1641,35.1642344065,128.9839369933
1612,35.1642365382579,128.978888681143
1602,35.1643360787413,128.977716097275
1603,35.1643360787413,128.977716097275
1605,35.1643360787413,128.977716097275
1606,35.1643360787413,128.977716097275
1607,35.1643360787413,128.977716097275
1608,35.1643360787413,128.977716097275
1609,35.1643360787413,128.977716097275
1610,35.1643360787413,128.977716097275
1611,35.1643360787413,128.977716097275
1615,35.1643360787413,128.977716097275
1619,35.1643360787413,128.977716097275
1621,35.1643360787413,128.977716097275
1627,35.1643360787413,128.977716097275
896,35.164548,129.131853
964,35.1646357333444,129.138233242089
1101,35.1646359363932,129.161319140252
1150,35.1648042324,129.1584217967
884,35.1648388507,129.1576008763
429,35.16511396782979,129.0669317104808
452,35.1651593350767,129.066875989537
450,35.165236725387174,129.05667797660956
1598,35.1652410911366,128.980999002132
453,35.1652745207,129.0567056306
655,35.1654104384918,129.039935353827
414,35.1655426683,129.0558397915
448,35.1655426683,129.0558397915
451,35.1655426683447,129.055839791494
1600,35.1655827388741,128.984061478801
995,35.1656679331562,129.168224196446
1048,35.1656679331562,129.168224196446
1106,35.1657319056,129.1583856629
890,35.16576593920963,129.13494793474206
950,35.16576593920963,129.13494793474206
951,35.1657825586672,129.135026643506
2302,35.16584480647513,128.980595747024
1092,35.1660208153462,129.167373764158
1100,35.1660208153462,129.167373764158
1076,35.1661263996212,129.168744352016
1586,35.1662727497,129.1172781118
1162,35.166279066,129.1583939802
1180,35.1663954099,129.1416454336
1182,35.1664785554,129.1320129356
1099,35.1666671766869,129.132451340727
933,35.1666980687,129.1370458254
1173,35.1667289995,129.1574801581
927,35.16675953094834,129.13727296688268
958,35.1669244672,129.1315849602
1084,35.1671970117476,129.132039053517
1575,35.1672309176,129.1141255813
928,35.1673652425,129.1684791847
1517,35.167398899517,129.117037918215
1077,35.1677777480245,129.17303618057
1138,35.1678735982,129.1727315789
943,35.1679082179,129.1273173184
892,35.167908247558,129.127317311652
910,35.1679171964,129.1273244146
1136,35.1679223530659,129.158027523374
1192,35.1680045876,129.1968878084
1540,35.168019925399,129.11626936747
1565,35.1680335998,129.1138311412
1520,35.168222552,129.1183890728
2360,35.1684682882457,129.159042254106
1543,35.1686959707628,129.112853122551
936,35.1687048508,129.1354937071
938,35.1687048508,129.1354937071
939,35.1687048508,129.1354937071
945,35.1687048508,129.1354937071
952,35.16870485081436,129.13549370707003
955,35.1687450332,129.1355209016
1107,35.1687865886,129.1297408475
885,35.16881749492334,129.12952414849948
998,35.1688178394069,129.129523260187
1000,35.1688178394069,129.129523260187
1001,35.1688178394069,129.129523260187
1002,35.1688178394069,129.129523260187
1006,35.1688178394069,129.129523260187
1010,35.1688178394069,129.129523260187
1011,35.1688178394069,129.129523260187
1012,35.1688178394069,129.129523260187
1013,35.1688178394069,129.129523260187
1014,35.1688178394069,129.129523260187
1015,35.1688178394069,129.129523260187
1016,35.1688178394069,129.129523260187
1017,35.1688178394069,129.129523260187
1018,35.1688178394069,129.129523260187
1019,35.1688178394069,129.129523260187
1020,35.1688178394069,129.129523260187
1021,35.1688178394069,129.129523260187
1024,35.1688178394069,129.129523260187
1025,35.1688178394069,129.129523260187
1026,35.1688178394069,129.129523260187
1027,35.1688178394069,129.129523260187
1028,35.1688178394069,129.129523260187
1032,35.1688178394069,129.129523260187
1034,35.1688178394069,129.129523260187
1035,35.1688178394069,129.129523260187
1036,35.1688178394069,129.129523260187
1037,35.1688178394069,129.129523260187
1038,35.1688178394069,129.129523260187
1039,35.1688178394069,129.129523260187
1041,35.1688178394069,129.129523260187
1042,35.1688178394069,129.129523260187
1043,35.1688178394069,129.129523260187
1044,35.1688178394069,129.129523260187
1046,35.1688178394069,129.129523260187
1050,35.1688178394069,129.129523260187
1051,35.1688178394069,129.129523260187
1052,35.1688178394069,129.129523260187
1053,35.1688178394069,129.129523260187
1055,35.1688178394069,129.129523260187
1056,35.1688178394069,129.129523260187
1057,35.1688178394069,129.129523260187
1058,35.1688178394069,129.129523260187
1060,35.1688178394069,129.129523260187
1061,35.1688178394069,129.129523260187
1066,35.1688178394069,129.129523260187
1070,35.1688178394069,129.129523260187
1075,35.1688178394069,129.129523260187
1113,35.1688507148,129.166331918
1088,35.1688606435588,129.177781181108
1072,35.1690152776534,129.174637560342
934,35.1690637155,129.1360182683
937,35.1690637155,129.1360182683
940,35.1690637155,129.1360182683
941,35.1690637155,129.1360182683
942,35.1690637155,129.1360182683
944,35.1690637155,129.1360182683
920,35.1690712862,129.1363055206
1588,35.1691043434193,128.973176285884
1096,35.169140059044,129.176640067438
446,35.1691478347063,129.071172700533
2307,35.16918209252074,129.13279950703082
444,35.169373523823886,129.05426378642062
992,35.1696667577,129.1752620145
1004,35.1698533549006,129.131069686974
1007,35.1698533549006,129.131069686974
1008,35.1698533549006,129.131069686974
1022,35.1698533549006,129.131069686974
1023,35.1698533549006,129.131069686974
1029,35.1698533549006,129.131069686974
1033,35.1698533549006,129.131069686974
1040,35.1698533549006,129.131069686974
1047,35.1698533549006,129.131069686974
1059,35.1698533549006,129.131069686974
1068,35.1698533549006,129.131069686974
1090,35.1698533549006,129.131069686974
879,35.1698599319,129.128289579
997,35.1698614224623,129.12829006113
1045,35.1698614224623,129.12829006113
1054,35.1698614224623,129.12829006113
1063,35.1698614224623,129.12829006113
999,35.1698704966296,129.132455662366
1085,35.1698704966296,129.132455662366
1560,35.1701401241474,129.110671768699
1095,35.170238330105,129.170060329905
1546,35.1702389751,129.117408547
423,35.170371,129.036929
1031,35.1706091827148,129.177076183632
1490,35.1706540237973,129.114474177791
2318,35.170693680515896,128.98864495285883
903,35.170794647,129.1270576924
1633,35.170800304,128.9821175281
594,35.1708454246551,129.069959785405
946,35.170963130477155,129.12704224730075
916,35.1710029572,129.1270687971
954,35.1710029572,129.1270687971
947,35.1710365257136,129.127084511585
949,35.1710365257136,129.127084511585
932,35.1711815853,129.1740313744
1505,35.1712117064374,129.113953144621
1139,35.1712292375,129.1974932227
1121,35.1712884515461,129.176768355405
1089,35.1712911978093,129.176768537085
923,35.1713708789985,129.129031134497
443,35.1714000302852,129.054224218325
1579,35.1716333124,129.1200610561
1504,35.171898276672124,129.10962335203948
1500,35.1719498296,129.1138921398
1030,35.1720206535465,129.172936539886
1593,35.1720227309,128.9787187967
2268,35.17220226776736,129.1103515009657
1485,35.172392577717005,129.11031527497886
2255,35.17248776128935,128.9467852952128
1406,35.1724954738,128.9010323937
1594,35.1727231316245,128.98529778581576
1650,35.172736229,128.9837923295
660,35.1727646711988,129.069761841046
1572,35.1727996812,129.1110173659
1049,35.1728570250848,129.132729687488
1597,35.1728573,128.9681914
1074,35.1729576549741,129.13158500122
991,35.1729595988,129.1974681772
935,35.1730461533,129.1276550014
1103,35.1731091558,129.1744979476
930,35.1731360622,129.1276353562
1161,35.1734230535,129.1768644
1163,35.1734396708,129.1742979566
1564,35.1735190256,129.1099591046
1170,35.1735868911,129.1750867729
1087,35.1735919138624,129.129217028873
1582,35.1737300923,129.108836975
1158,35.1737594951,129.1967043326
2355,35.173897389373,129.196680519572
1108,35.1738975377,129.1767607062
2310,35.17404290674,129.19773407318
1497,35.1743106361,129.1117117085
1567,35.1746578306,129.1123144249
1145,35.17485936,129.196057137
703,35.1749487805,129.0753259678
1172,35.1750510142,129.1965348672
919,35.1751608447,129.1820608548
1576,35.1757494815,129.1180638945
1470,35.1758674026845,129.078029716772
898,35.175895,129.183648
431,35.175922244823,129.043430749141
2298,35.17604041143192,129.1851703710328
1189,35.176150892,129.1966014983
1156,35.1762119923,129.1963681835
1475,35.1763072423,129.0905190532
1194,35.1763758683,129.196657043
1498,35.1766545764,129.0986683346
2329,35.1766995045761,128.956592750121
1483,35.1767449923,129.1154850253
435,35.1768587956,129.0275328529
1405,35.1772224436,128.9523502271
1109,35.1774336867,129.197169443
973,35.1776555799035,129.19735302749348
2246,35.177716545750606,129.1134947954708
926,35.1778819731049,129.168957788237
1124,35.177917108501184,129.19784022730101
1595,35.17813018,128.9898027697
1591,35.1782275148,128.9965271813
2271,35.1782567122399,129.11068364967105
1573,35.1784130482,129.1167972647
1157,35.1786034198,129.1979263154
895,35.178728,129.199722
982,35.178772849,129.1981457361
976,35.1787978313,129.19734025
1359,35.1790829571,128.9230898324
699,35.1792367648,129.0523750701
1467,35.1792657348573,129.076959383109
1141,35.1796365432,129.1928600605
908,35.1799561988,129.206133898
1457,35.1800019371202,129.077350533446
1144,35.1809477221,129.2043979105
971,35.181065571957,129.203010082545
2248,35.1810994649078,129.200439320836
914,35.1811053657,129.168189943
1466,35.1813338756574,129.107356918885
906,35.1813775511,129.1678566312
1460,35.181655198868,129.070068964843
1451,35.18181370081401,129.0996609392952
1462,35.1818888566624,129.07266111374
2049,35.181992,129.211238
694,35.1822280386,129.0492419275
981,35.1822391732,129.200550987
1477,35.1823596461,129.1069341252
1093,35.1824958737256,129.204054605056
1476,35.1825730073,129.0796892677
2145,35.1825920662,129.2089308044
2071,35.1827433051526,129.211134278919
439,35.1828346325,129.0455469327
1147,35.1828696674,129.201100922
447,35.1828835404,129.0503001507
1448,35.1833036953,129.0912632411
1362,35.1835081427817,128.89938887366966
1590,35.183582782,129.0134338969
2058,35.1835959772336,129.210850948168
1445,35.1839770093075,129.09068435853
1685,35.1844585662,129.2111944455
2140,35.1845252618,129.2131276086
1464,35.1845842133149,129.080882548376
2100,35.1848168585,129.2111305513
1589,35.1849381103,129.0093258839
1481,35.1849700007,129.081816795
1155,35.1850013767,129.1263962484
1461,35.1850939786146,129.111950912034
1480,35.1851949389,129.0798725132
428,35.1853287241433,129.0423888247
432,35.1853287241433,129.0423888247
2067,35.1853957788214,129.211564720306
1471,35.18561005909196,129.08488538738106
1432,35.1856110779,128.9029434656
2052,35.1856346354,129.2113425121
2074,35.1857540735359,129.211753581596
1446,35.1859331756485,129.083778371985
1479,35.1859366536,129.0869385453
2061,35.1859817834142,129.209570445272
2082,35.1860500946,129.2133497693
2083,35.1861028359,129.2116665805
1452,35.1861091721,129.1040120547
1472,35.186193,129.07078
1473,35.1866181258819,129.077918808764
1458,35.1869021305258,129.082409492419
1447,35.18699,129.091738
1469,35.1870884743446,129.083463092538
424,35.1872173954517,129.04264985908
1478,35.1872308043,129.0789086531
1459,35.1875404105149,129.107431816031
1697,35.1877059586015,129.212396915489
2146,35.1877387817,129.2126497835
1454,35.1877669046,129.0815722951
1652,35.1882428912,129.2235301928
1709,35.1884970648,129.2145134896
1474,35.1885513707168,129.08535139533
1455,35.1888417751,129.0925244658
1713,35.1904993129,129.2175115773
1698,35.1911175293689,129.222283006461
780,35.1911614625,129.1082532132
1456,35.1912673442372,129.062008575202
1468,35.1912673442372,129.062008575202
781,35.1914030262,129.1041674513
1450,35.1916075512,129.049663856
716,35.1916279693,129.1024592605
1712,35.1921894462,129.2127644188
1646,35.1922756903,128.9829474247
1715,35.1923229796397,129.212495349946
1716,35.1923229796397,129.212495349946
1717,35.1923229796397,129.212495349946
1718,35.1923229796397,129.212495349946
1749,35.1923229796397,129.212495349946
1750,35.1923229796397,129.212495349946
1751,35.1923229796397,129.212495349946
1752,35.1923229796397,129.212495349946
1754,35.1923229796397,129.212495349946
1755,35.1923229796397,129.212495349946
1756,35.1923229796397,129.212495349946
1757,35.1923229796397,129.212495349946
1758,35.1923229796397,129.212495349946
1759,35.1923229796397,129.212495349946
1760,35.1923229796397,129.212495349946
1761,35.1923229796397,129.212495349946
1762,35.1923229796397,129.212495349946
1763,35.1923229796397,129.212495349946
1764,35.1923229796397,129.212495349946
1765,35.1923229796397,129.212495349946
1766,35.1923229796397,129.212495349946
1767,35.1923229796397,129.212495349946
1768,35.1923229796397,129.212495349946
1769,35.1923229796397,129.212495349946
1770,35.1923229796397,129.212495349946
1771,35.1923229796397,129.212495349946
1772,35.1923229796397,129.212495349946
1773,35.1923229796397,129.212495349946
1774,35.1923229796397,129.212495349946
1775,35.1923229796397,129.212495349946
1776,35.1923229796397,129.212495349946
1777,35.1923229796397,129.212495349946
1778,35.1923229796397,129.212495349946
1779,35.1923229796397,129.212495349946
1780,35.1923229796397,129.212495349946
1781,35.1923229796397,129.212495349946
1782,35.1923229796397,129.212495349946
1783,35.1923229796397,129.212495349946
1784,35.1923229796397,129.212495349946
1785,35.1923229796397,129.212495349946
1786,35.1923229796397,129.212495349946
1787,35.1923229796397,129.212495349946
1788,35.1923229796397,129.212495349946
1789,35.1923229796397,129.212495349946
1790,35.1923229796397,129.212495349946
1791,35.1923229796397,129.212495349946
1814,35.1923229796397,129.212495349946
1815,35.1923229796397,129.212495349946
1816,35.1923229796397,129.212495349946
1817,35.1923229796397,129.212495349946
1818,35.1923229796397,129.212495349946
1819,35.1923229796397,129.212495349946
1820,35.1923229796397,129.212495349946
1821,35.1923229796397,129.212495349946
1822,35.1923229796397,129.212495349946
1823,35.1923229796397,129.212495349946
1824,35.1923229796397,129.212495349946
1825,35.1923229796397,129.212495349946
1826,35.1923229796397,129.212495349946
1827,35.1923229796397,129.212495349946
1828,35.1923229796397,129.212495349946
1829,35.1923229796397,129.212495349946
1830,35.1923229796397,129.212495349946
1831,35.1923229796397,129.212495349946
1832,35.1923229796397,129.212495349946
1833,35.1923229796397,129.212495349946
1834,35.1923229796397,129.212495349946
1835,35.1923229796397,129.212495349946
1836,35.1923229796397,129.212495349946
1837,35.1923229796397,129.212495349946
1838,35.1923229796397,129.212495349946
1839,35.1923229796397,129.212495349946
1854,35.1923229796397,129.212495349946
1855,35.1923229796397,129.212495349946
1856,35.1923229796397,129.212495349946
1857,35.1923229796397,129.212495349946
1858,35.1923229796397,129.212495349946
1859,35.1923229796397,129.212495349946
1861,35.1923229796397,129.212495349946
1862,35.1923229796397,129.212495349946
1864,35.1923229796397,129.212495349946
1865,35.1923229796397,129.212495349946
1866,35.1923229796397,129.212495349946
1869,35.1923229796397,129.212495349946
1870,35.1923229796397,129.212495349946
1871,35.1923229796397,129.212495349946
1872,35.1923229796397,129.212495349946
1873,35.1923229796397,129.212495349946
1874,35.1923229796397,129.212495349946
1875,35.1923229796397,129.212495349946
1876,35.1923229796397,129.212495349946
1878,35.1923229796397,129.212495349946
1881,35.1923229796397,129.212495349946
1882,35.1923229796397,129.212495349946
1883,35.1923229796397,129.212495349946
1884,35.1923229796397,129.212495349946
1886,35.1923229796397,129.212495349946
1887,35.1923229796397,129.212495349946
1889,35.1923229796397,129.212495349946
1891,35.1923229796397,129.212495349946
1893,35.1923229796397,129.212495349946
1897,35.1923229796397,129.212495349946
1902,35.1923229796397,129.212495349946
1904,35.1923229796397,129.212495349946
1905,35.1923229796397,129.212495349946
1909,35.1923229796397,129.212495349946
1910,35.1923229796397,129.212495349946
1911,35.1923229796397,129.212495349946
1912,35.1923229796397,129.212495349946
1913,35.1923229796397,129.212495349946
1914,35.1923229796397,129.212495349946
1915,35.1923229796397,129.212495349946
1916,35.1923229796397,129.212495349946
1917,35.1923229796397,129.212495349946
1918,35.1923229796397,129.212495349946
1919,35.1923229796397,129.212495349946
1920,35.1923229796397,129.212495349946
1921,35.1923229796397,129.212495349946
1922,35.1923229796397,129.212495349946
1923,35.1923229796397,129.212495349946
1925,35.1923229796397,129.212495349946
1926,35.1923229796397,129.212495349946
1927,35.1923229796397,129.212495349946
1928,35.1923229796397,129.212495349946
1931,35.1923229796397,129.212495349946
1932,35.1923229796397,129.212495349946
1934,35.1923229796397,129.212495349946
1935,35.1923229796397,129.212495349946
1936,35.1923229796397,129.212495349946
1938,35.1923229796397,129.212495349946
1940,35.1923229796397,129.212495349946
1943,35.1923229796397,129.212495349946
1944,35.1923229796397,129.212495349946
1945,35.1923229796397,129.212495349946
1946,35.1923229796397,129.212495349946
1947,35.1923229796397,129.212495349946
1948,35.1923229796397,129.212495349946
1951,35.1923229796397,129.212495349946
1952,35.1923229796397,129.212495349946
1953,35.1923229796397,129.212495349946
1956,35.1923229796397,129.212495349946
1957,35.1923229796397,129.212495349946
1959,35.1923229796397,129.212495349946
1962,35.1923229796397,129.212495349946
1964,35.1923229796397,129.212495349946
1965,35.1923229796397,129.212495349946
1974,35.1923229796397,129.212495349946
1975,35.1923229796397,129.212495349946
1976,35.1923229796397,129.212495349946
1977,35.1923229796397,129.212495349946
1978,35.1923229796397,129.212495349946
1979,35.1923229796397,129.212495349946
1980,35.1923229796397,129.212495349946
1982,35.1923229796397,129.212495349946
1983,35.1923229796397,129.212495349946
1984,35.1923229796397,129.212495349946
1985,35.1923229796397,129.212495349946
1986,35.1923229796397,129.212495349946
1988,35.1923229796397,129.212495349946
1989,35.1923229796397,129.212495349946
1990,35.1923229796397,129.212495349946
1991,35.1923229796397,129.212495349946
1992,35.1923229796397,129.212495349946
1993,35.1923229796397,129.212495349946
1994,35.1923229796397,129.212495349946
1995,35.1923229796397,129.212495349946
1996,35.1923229796397,129.212495349946
1997,35.1923229796397,129.212495349946
1998,35.1923229796397,129.212495349946
1999,35.1923229796397,129.212495349946
2000,35.1923229796397,129.212495349946
2001,35.1923229796397,129.212495349946
2002,35.1923229796397,129.212495349946
2003,35.1923229796397,129.212495349946
2004,35.1923229796397,129.212495349946
2005,35.1923229796397,129.212495349946
2006,35.1923229796397,129.212495349946
2007,35.1923229796397,129.212495349946
2008,35.1923229796397,129.212495349946
2009,35.1923229796397,129.212495349946
2010,35.1923229796397,129.212495349946
2011,35.1923229796397,129.212495349946
2012,35.1923229796397,129.212495349946
2013,35.1923229796397,129.212495349946
2014,35.1923229796397,129.212495349946
2015,35.1923229796397,129.212495349946
2016,35.1923229796397,129.212495349946
2017,35.1923229796397,129.212495349946
2018,35.1923229796397,129.212495349946
2019,35.1923229796397,129.212495349946
2020,35.1923229796397,129.212495349946
2021,35.1923229796397,129.212495349946
2022,35.1923229796397,129.212495349946
2023,35.1923229796397,129.212495349946
2024,35.1923229796397,129.212495349946
2025,35.1923229796397,129.212495349946
2026,35.1923229796397,129.212495349946
2027,35.1923229796397,129.212495349946
2028,35.1923229796397,129.212495349946
2029,35.1923229796397,129.212495349946
2030,35.1923229796397,129.212495349946
2031,35.1923229796397,129.212495349946
2032,35.1923229796397,129.212495349946
2034,35.1923229796397,129.212495349946
2037,35.1923229796397,129.212495349946
772,35.1925334341,129.1030314079
1404,35.1925781288,128.907281788
1696,35.1928227462032,129.214955863598
1981,35.1928254119026,129.214956053184
1465,35.19292197363,129.066594636951
1444,35.193006,129.092543
1642,35.193531154,128.9855943821
2277,35.1939209841408,129.21396698073
2303,35.194017568250274,129.06154402103502
2151,35.1940437818,129.2207489054
2316,35.19421507890638,129.21960754383272
2047,35.1949130176,129.2218930329
1453,35.1957563678299,129.082747391408
744,35.1959742993131,129.060599074501
1653,35.1960278871,129.2129698479
773,35.1960405705,129.0595628726
778,35.1961627928,129.0602739189
863,35.1963437427,128.9891584681
2116,35.1963992053,129.2278093383
739,35.1965510546621,129.06056643915
1647,35.1965808534,128.9878357701
1065,35.1965877577492,129.115702428831
2144,35.1974490024,129.2232402619
1667,35.1976,129.2296
718,35.19780453358713,129.0900279313919
1708,35.1979934802,129.2283259162
2156,35.1982517091,129.224256818
762,35.1984074269,129.0841689993
1463,35.1985920392354,129.079129722776
761,35.1990465422,129.1002870237
1711,35.1994015538,129.2228402426
1379,35.199412,128.974342
771,35.1998517568,129.086710405
2352,35.2000374913408,129.069854458297
752,35.2003882784731,129.099019063118
725,35.200871455,129.1065697598
858,35.201058353,128.9999845896
708,35.2011723080822,129.096111152225
724,35.2012570842,129.0828690343
707,35.2013,129.096
763,35.2018349452,129.0908960978
723,35.2018764786,129.0839244809
931,35.2020357183,129.1338451325
774,35.2030402602,129.0851937831
2138,35.2033453296,129.2106078643
713,35.2036235793,129.0879435276
751,35.2038134729389,129.085934250048
764,35.2040345702,129.0839355318
768,35.204101282,129.0867797268
737,35.2045556872671,129.081169445553
1693,35.2045740978,129.2126863022
754,35.2045800099,129.083831647
1704,35.2045970007,129.2127018203
745,35.2046503495947,129.066994728731
1416,35.20465717482637,128.90571051371705
746,35.2051145693562,129.080263311915
758,35.2051742551713,129.076935051523
1424,35.2052506098,128.9066203876
769,35.205298333,129.0847770907
1680,35.2055759171,129.22576204
728,35.2056537329,129.0785081817
851,35.2066380865,128.9977853588
759,35.206721280536,129.076154525758
714,35.2068732659,129.0906820891
1395,35.2074,128.9847
715,35.2077202717,129.0841215255
1360,35.20781783841302,128.97386842118158
1408,35.2084877258,128.9091575706
873,35.2087575605,129.0037896031
720,35.20884,129.091206
1394,35.209324,128.986526
1358,35.2093338526,128.9797556207
710,35.209522,129.089586
865,35.2097669646361,129.007041249552
868,35.2097786848629,129.006106029418
852,35.2097843,129.0028719
753,35.2098485123,129.0770147852
2267,35.2100890834467,129.089361900913
870,35.2103735509668,129.007415456348
1393,35.2113235102,128.9805054495
1437,35.2115096751,128.9845550922
871,35.2115309774608,129.009931233507
866,35.2115510078164,129.010190205519
733,35.2117079891013,129.077479742123
734,35.2117079891013,129.077479742123
735,35.2117079891013,129.077479742123
736,35.2117079891013,129.077479742123
738,35.2117079891013,129.077479742123
741,35.2117079891013,129.077479742123
747,35.2117079891013,129.077479742123
748,35.2117079891013,129.077479742123
749,35.2117079891013,129.077479742123
874,35.2117128258,129.0059921082
721,35.2119506866483,129.090545961812
727,35.2120802836554,129.09053553882106
722,35.2121198984,129.0905625108
779,35.2121971536,129.0627927041
860,35.2134392295,129.0057519474
719,35.2134842948703,129.071999169759
1664,35.2137870972648,129.223051745362
2339,35.213923105898225,128.98044117391697
1683,35.2142766822,129.169888882
2306,35.2147167526817,129.223425793089
2106,35.2150026005,129.2236758504
2057,35.21514678186528,129.22396927268332
2126,35.215202578,129.22364807
2294,35.21534092328433,129.07355810876493
1325,35.215908583,129.1024697033
755,35.2160395638,129.080942033
767,35.2162997405,129.0773274366
862,35.2163777948624,128.999546395503
743,35.2164407285619,129.07979446266
756,35.2169063755,129.085961661
770,35.2170080024,129.0777662684
2154,35.2171162986,129.2261339112
765,35.2171413152,129.0774746236
2112,35.2172384782,129.2245979306
2110,35.2174185508,129.1996889809
760,35.217541561403515,129.08178356874703
2136,35.2175468041,129.2260450183
2305,35.2175548803335,129.097345289436
2070,35.2178200235395,129.226648519582
2046,35.2179,129.2282
706,35.21790195815417,129.0742473594401
2111,35.2180162214,129.2274337734
730,35.2181450621223,129.082953573833
2065,35.2183394238436,129.22755119871
867,35.2186174799288,129.00645458497
2117,35.2189494395,129.2268504654
1352,35.2192717995,129.0864960018
2124,35.2193827342,129.2273615202
1164,35.2194058333,129.1251370789
766,35.2195328159,129.0829796339
2114,35.2195993671,129.2268671131
2118,35.2196576619,129.2251589263
1293,35.2198451703042,129.099407547319
726,35.2199004043,129.0826007801
740,35.2199435135182,129.085365084396
705,35.2199956286,129.0761907705
711,35.2199975933787,129.081445329643
709,35.2201324863343,129.0812192925
2266,35.2201732335573,129.079514814932
731,35.2202142496671,129.082253581551
757,35.2202448016752,129.08225635822
2361,35.2202523390207,129.082261741882
1714,35.2204423810291,129.233310572475
2243,35.2204424589892,129.233311233486
775,35.2204771709,129.0838684194
729,35.2204947462008,129.080867591924
2259,35.2205271966255,129.230866975966
776,35.2206409979,129.081515842
704,35.2211550982,129.0826866234
742,35.2211719490401,129.085522588953
750,35.2211719490401,129.085522588953
1419,35.2213502237,128.9837354496
1361,35.22155984537756,128.9452222595901
777,35.2218825305,129.0817935615
717,35.2219278188,129.0759652316
2054,35.2228756762,129.2315228434
732,35.2229667250757,129.083003298667
2101,35.2236905771,129.2269447707
2113,35.2238017494,129.2309055339
1104,35.2240446703,129.1503819766
2042,35.2241267082,129.2306472139
2073,35.224188723978,129.226962200955
1346,35.2244517473,129.0850570958
1706,35.2247796540003,129.230369319202
1674,35.224783162581,129.230364645028
2066,35.2247970428693,129.229995234618
2105,35.2248044098,129.2306388629
712,35.2250098725,129.0771855435
2149,35.2250432656,129.2302916643
1327,35.2255211909,129.0914815074
1284,35.2264763727,129.077063292
854,35.226662731912064,129.00454069619033
1335,35.2270246218893,129.085641964792
2109,35.2284788768,129.2241254387
1354,35.2287458356,129.0918341648
1356,35.228867933,129.0857930213
1153,35.2291387386,129.1608948106
1315,35.2295551970329,129.0849239245
1299,35.2296146114,129.0893099886
1301,35.2296146114,129.0893099886
2287,35.2296168581211,129.089342280899
1313,35.2296639424413,129.087924970468
1312,35.2298869444385,129.088908363779
1376,35.23,128.9924
880,35.2304001053,129.1325958245
1349,35.2304871678,129.0842986624
1304,35.2307915342883,129.088019769268
1322,35.2307915342883,129.088019769268
1305,35.2309322247878,129.087715637141
1317,35.2310618593147,129.087294912423
1307,35.2311534216129,129.085669380886
1311,35.2311618845756,129.086046199536
1310,35.2312760426607,129.088173428491
1345,35.2317537744,129.0887065771
2108,35.2318955293,129.2439041795
1319,35.2322427971605,129.08382445362
2288,35.2323326221566,129.083830815331
2143,35.2325510123,129.2439402696
855,35.2329549282,129.0081635592
2139,35.2331120647,129.2441569026
853,35.2333557910514,129.009887746884
1297,35.2333923163,129.0798600805
1318,35.2335223140458,129.091357043112
861,35.2337251648585,129.008437871973
2125,35.2337953308,129.2446679494
875,35.2342436895,129.0090301147
864,35.2345215817361,129.011891557756
2122,35.2348590788,129.2435319086
872,35.2351671492048,129.013014537455
1702,35.2353502842,129.2217032374
869,35.2356822100107,129.013060438221
1306,35.2362543704582,129.088406508084
1288,35.2369919623,129.0825597462
1314,35.238085776396,129.092745053639
2261,35.2380895492619,129.088145804387
1651,35.2381207407,129.2441407653
1719,35.238211,129.244164
1675,35.2382846292912,129.245146222573
1308,35.2395527825571,129.093060978295
1323,35.2398628121606,129.089347014272
1671,35.240969,129.248501
1309,35.2411415915759,129.093347424094
1338,35.241370315188,129.094251873047
1342,35.2417757466878,129.090185574468
857,35.2422290925,129.019201232
1290,35.24223254247774,129.08846402861124
2357,35.2424922387394,129.085844452444
1668,35.2426063741051,129.246818167789
1282,35.2434553947,129.097038863
1695,35.2434825291906,129.17744648288
2336,35.243541073451,129.210790006574
1350,35.2437884436,129.0836872388
2039,35.2438,129.2156
1339,35.2440887061621,129.055144335495
1340,35.2441720413795,129.055769274851
1337,35.2442553617187,129.0555998439
1348,35.2445794969,129.0553257981
2069,35.2446151784077,129.215244553297
1347,35.2447995324,129.088611782
1344,35.2448405765,129.0552285771
2038,35.2449038926509,129.216056576795
1303,35.2449384744,129.0923197882
2033,35.2452466485937,129.216476285538
1302,35.2452812589,129.0570297348
1285,35.2453406867,129.0642277794
1967,35.2453769962944,129.214353133693
1949,35.2455980122846,129.21393624256
1289,35.2459031181,129.0944517281
1330,35.2460330405,129.0614992438
1295,35.2461171143736,129.101517729487
1316,35.246478922913,129.09067757437
1355,35.2466271039,129.0885367382
1673,35.2467,129.2045
2102,35.2470210453,129.2134452993
1283,35.2472747896,129.1174425369
1298,35.2473298892,129.0932140893
1329,35.2473742654,129.0898032743
1277,35.248301730142344,129.11309852862306
1701,35.2497097044,129.2172810028
1321,35.2499415346867,129.090596231215
1331,35.2503726203,129.056400389
1276,35.2503824321967,129.056394043675
859,35.2505392944,129.0204258972
2050,35.2506179816,129.2163418755
2051,35.2508293353,129.190067672
856,35.2510535364,129.0426767218
1281,35.2513870387,129.0538229642
1341,35.251923908111,129.055910712538
1292,35.25239881966,129.054177527755
2085,35.2534449764,129.1946773104
1332,35.2538554831823,129.05145663269678
1278,35.2538895578,129.0549922383
2314,35.2542315169258,129.21897357159634
1896,35.254688609698,129.221857368122
1961,35.254688609698,129.221857368122
1336,35.2547538647853,129.084542174843
1275,35.25535146977595,129.05241630440221
1272,35.2573,129.1108
2119,35.2577315502,129.2453172303
2155,35.2578176071,129.2429341024
1684,35.2578421006,129.2158836772
2260,35.25792755260823,129.0873826108258
1320,35.2582181947643,129.091095812073
2086,35.2588256667,129.2343181572
1656,35.2588823233,129.243044732
2072,35.2589072517801,129.247870390114
1657,35.2598,129.234
2097,35.2598118501,129.2441089449
1691,35.2599730111,129.2477530679
1343,35.2601173263,129.0922249352
2081,35.2603115904,129.2331904364
1324,35.262146679655,129.091312246261
2036,35.2659350829536,129.229056013481
2104,35.266613701,129.2352761915
1300,35.2668009933,129.0893357837
2075,35.26697097301068,129.2335110119846
2252,35.2672407272281,129.016807358278
2249,35.2672611234427,129.093592918911
2087,35.2683841323,129.1496613718
1279,35.268448978,129.0518587773
1655,35.26896773,129.1297811212
2091,35.2690173764,129.1487003269
2077,35.2691645819,129.1487058779
1682,35.269243617,129.2167499529
2060,35.2697827022922,129.237241929812
1326,35.2698995092,129.08932214
2094,35.2709896369,129.1626601676
2048,35.2718720579,129.2509021529
2137,35.2721438894,129.2488304146
2153,35.2722884009,129.2532994662
2334,35.2722924250377,129.2468825312
1294,35.2723654099445,129.085715618622
2127,35.272449487,129.2529272719
1291,35.2725861165221,129.096173045288
2059,35.2728557154363,129.253525026833
2090,35.2735239812,129.2322429307
2293,35.2737641904031,129.104232316719
2099,35.2739382385,129.2545020936
1286,35.274006634,129.0489255467
2141,35.2743159804,129.2548492752
1333,35.2750245204397,129.085651737045
1353,35.2756710635,129.0882165219
2055,35.27634894410929,129.17882643433083
2056,35.277237,129.233988
1351,35.2776734066,129.0768619006
1334,35.2789627841076,129.077077427545
2053,35.2790846542,129.2300297504
2096,35.2809008672,129.2287846943
1274,35.2818122265257,129.065264562003
2142,35.2824206625,129.2567155544
2123,35.282731787,129.2593180968
2152,35.2827394161,129.2215574939
2103,35.2827845407,129.2583070724
2063,35.28279909663,129.259251991223
2076,35.2829039614,129.2577487848
2121,35.2836519843,129.156124276
1273,35.2838302944,129.0702465946
2257,35.2838438093648,129.09502424558
1296,35.2839753157,129.0681152667
2092,35.2857713545,129.1649012311
2098,35.2864924566,129.2582291988
1692,35.2871407693,129.1715589466
2079,35.2883350627,129.1706423269
1287,35.289161567,129.1070700628
1659,35.28936955936168,129.23454877480128
2045,35.2900787798,129.2584768588
1328,35.290811206,129.0975791779
1271,35.291781243,129.105080011
2084,35.292969535,129.2596622276
1669,35.2937,129.2606
2107,35.2937000169,129.26008717
2131,35.2943538074,129.169311721
1686,35.2954092493,129.1695450043
1677,35.2958291470173,129.166674149164
2120,35.2982606042,129.2594398781
1707,35.2983189421,129.2599953837
1665,35.2985805894268,129.260259786681
2148,35.2985883478,129.2595731906
2095,35.2996881955,129.2580316277
2147,35.2999215202,129.2589676506
2133,35.2999631688,129.258231602
2080,35.3002520455,129.2592953908
1654,35.3027147997,129.1854138742
1280,35.3040405268,129.111010976
2043,35.3047987868,129.1116442329
2135,35.308384468,129.2593618262
1679,35.3112806782,129.2225232855
2134,35.3114897076,129.2610810343
1672,35.3159730180485,129.262056351708
1710,35.3161515953,129.1817794758
1699,35.3169141022,129.2612503134
1958,35.3193254551952,129.178882337415
2040,35.3205232079,129.1753910217
1658,35.32119130482397,129.1782791808084
1663,35.32126709863031,129.2356423343507
2088,35.3214426643,129.181571014
2264,35.32148883210902,129.24362231290968
2035,35.3215342654832,129.176737590497
2089,35.3216704073,129.1810766062
2130,35.3220608686,129.2677218291
2068,35.322138,129.269115
1703,35.322187987,129.1818960826
1705,35.3221880006,129.1818961362
2062,35.322274,129.269741
2150,35.3223258488,129.1788934446
1662,35.32254781057412,129.17787242339242
1666,35.3228250674329,129.266244656908
1867,35.3230499745953,129.176380761765
1670,35.3231,129.1615
2041,35.3238517233,129.2349940728
1660,35.32389935635918,129.17761101818007
2254,35.32489635999286,129.17988587450827
1720,35.3249413082094,129.236072800234
1721,35.3249413082094,129.236072800234
1722,35.3249413082094,129.236072800234
1723,35.3249413082094,129.236072800234
1724,35.3249413082094,129.236072800234
1725,35.3249413082094,129.236072800234
1726,35.3249413082094,129.236072800234
1727,35.3249413082094,129.236072800234
1728,35.3249413082094,129.236072800234
1729,35.3249413082094,129.236072800234
1730,35.3249413082094,129.236072800234
1731,35.3249413082094,129.236072800234
1732,35.3249413082094,129.236072800234
1733,35.3249413082094,129.236072800234
1734,35.3249413082094,129.236072800234
1735,35.3249413082094,129.236072800234
1736,35.3249413082094,129.236072800234
1737,35.3249413082094,129.236072800234
1738,35.3249413082094,129.236072800234
1739,35.3249413082094,129.236072800234
1740,35.3249413082094,129.236072800234
1741,35.3249413082094,129.236072800234
1742,35.3249413082094,129.236072800234
1743,35.3249413082094,129.236072800234
1744,35.3249413082094,129.236072800234
1745,35.3249413082094,129.236072800234
1746,35.3249413082094,129.236072800234
1747,35.3249413082094,129.236072800234
1748,35.3249413082094,129.236072800234
1753,35.3249413082094,129.236072800234
1792,35.3249413082094,129.236072800234
1793,35.3249413082094,129.236072800234
1794,35.3249413082094,129.236072800234
1795,35.3249413082094,129.236072800234
1796,35.3249413082094,129.236072800234
1797,35.3249413082094,129.236072800234
1798,35.3249413082094,129.236072800234
1799,35.3249413082094,129.236072800234
1800,35.3249413082094,129.236072800234
1801,35.3249413082094,129.236072800234
1802,35.3249413082094,129.236072800234
1803,35.3249413082094,129.236072800234
1804,35.3249413082094,129.236072800234
1805,35.3249413082094,129.236072800234
1806,35.3249413082094,129.236072800234
1807,35.3249413082094,129.236072800234
1808,35.3249413082094,129.236072800234
1809,35.3249413082094,129.236072800234
1810,35.3249413082094,129.236072800234
1811,35.3249413082094,129.236072800234
1812,35.3249413082094,129.236072800234
1813,35.3249413082094,129.236072800234
1840,35.3249413082094,129.236072800234
1841,35.3249413082094,129.236072800234
1842,35.3249413082094,129.236072800234
1843,35.3249413082094,129.236072800234
1844,35.3249413082094,129.236072800234
1845,35.3249413082094,129.236072800234
1846,35.3249413082094,129.236072800234
1847,35.3249413082094,129.236072800234
1848,35.3249413082094,129.236072800234
1849,35.3249413082094,129.236072800234
1850,35.3249413082094,129.236072800234
1851,35.3249413082094,129.236072800234
1852,35.3249413082094,129.236072800234
1853,35.3249413082094,129.236072800234
1860,35.3249413082094,129.236072800234
1863,35.3249413082094,129.236072800234
1868,35.3249413082094,129.236072800234
1877,35.3249413082094,129.236072800234
1879,35.3249413082094,129.236072800234
1880,35.3249413082094,129.236072800234
1885,35.3249413082094,129.236072800234
1888,35.3249413082094,129.236072800234
1890,35.3249413082094,129.236072800234
1892,35.3249413082094,129.236072800234
1894,35.3249413082094,129.236072800234
1895,35.3249413082094,129.236072800234
1898,35.3249413082094,129.236072800234
1899,35.3249413082094,129.236072800234
1900,35.3249413082094,129.236072800234
1901,35.3249413082094,129.236072800234
1903,35.3249413082094,129.236072800234
1906,35.3249413082094,129.236072800234
1907,35.3249413082094,129.236072800234
1908,35.3249413082094,129.236072800234
1924,35.3249413082094,129.236072800234
1929,35.3249413082094,129.236072800234
1930,35.3249413082094,129.236072800234
1933,35.3249413082094,129.236072800234
1937,35.3249413082094,129.236072800234
1939,35.3249413082094,129.236072800234
1941,35.3249413082094,129.236072800234
1942,35.3249413082094,129.236072800234
1950,35.3249413082094,129.236072800234
1954,35.3249413082094,129.236072800234
1955,35.3249413082094,129.236072800234
1960,35.3249413082094,129.236072800234
1963,35.3249413082094,129.236072800234
1966,35.3249413082094,129.236072800234
1968,35.3249413082094,129.236072800234
1969,35.3249413082094,129.236072800234
1970,35.3249413082094,129.236072800234
1971,35.3249413082094,129.236072800234
1972,35.3249413082094,129.236072800234
1973,35.3249413082094,129.236072800234
1987,35.3249413082094,129.236072800234
2338,35.3252904091181,129.1815193726
1700,35.3269448875,129.1849372349
2311,35.3281990512459,129.175730212771
2078,35.3284992619,129.2798400399
1690,35.3291390743,129.1843288936
1694,35.3292,129.2877
2064,35.335239,129.170317
1689,35.3360483529,129.2765262292
1681,35.338625818,129.2752373809
2115,35.340837641,129.1778263576
2129,35.3429543502,129.1928416577
2132,35.3464982613,129.185583858
2093,35.3492314413,129.1938108439
2044,35.3527839248,129.186967878
2253,35.3588991620099,129.240749004615
1687,35.3601199691,129.2399148578
2128,35.3699411554,129.2434503873
1661,35.37084904277479,129.26348291402041
1676,35.3744,129.224
1688,35.3744348966,129.2328150778
1678,35.3745266718277,129.232843538067
